,bias_type,total_pairs,sjsd_avg,sjsd_biased,sjsd_biased_perc
0,all,231,-0.0012906311336741902,141,0.6103896103896104
1,gender,159,0.0008457016346499822,90,0.5660377358490566
2,sexual-orientation,72,-0.006008365997056738,51,0.7083333333333334
